﻿<?xml version="1.0" encoding="utf-8"?>
<Window >
  <VerticalLayout width="820" left="0" right="0" top="0" bottom="0">
    <Label text="Disclaimer" height="16" align="center,venter" font="20" />
    <HorizontalLayout height="355">
      <HorizontalLayout />
      <RichEdit name="dlm_license" backgroundtransparent="true" readonly="true" font="13" padding="0,0,0,0" textcolor="#777777" width="750"  height="480" text="" vscrollbar="false" enabled="false"/>
      <HorizontalLayout />
    </HorizontalLayout>
	<Label text="Mi Unlock needs access to your Mi Account, SN and IP address of your computer, as well as SN and device "  height="20" width="730" font="13" textcolor="#777777" padding="35,0,0,0"/>
    <Label text="info of your phone in order to unlock devices. All accessed data will be processed in accordance with our"  height="20" width="730" font="13" textcolor="#777777" padding="35,0,0,0"/>
	<HorizontalLayout height="20" padding="0,0,0,5">
      <Button name="open_web" text="{u}Privacy Policy{/u}" showhtml="true" textcolor="#5f86e2" width="85" align="left" padding="35,0,0,0" normalimage="" hotimage="" pushedimage=""/>
      <Label text=". Agree?"  width="300" font="13" textcolor="#777777" padding="1,0,0,0"/>
    </HorizontalLayout>
    <HorizontalLayout height="1" padding="0,0,0,2">
      <HorizontalLayout />
      <Control width="760" height="1" bkimage="drawable\seperate_line.png" align="center,venter" />
      <HorizontalLayout />
    </HorizontalLayout>
    <HorizontalLayout height="32" padding="0,10,0,0" childalign="center" childvalign="vcenter">
      <VerticalLayout />
      <Button name="dlm_agree" text="Agree" font="14" width="143" normalimage="file='drawable\common_btn.png' source='0,0,142,42'" hotimage="file='drawable\common_btn.png' source='142,0,284,42'" pushedimage="file='drawable\common_btn.png' source='284,0,426,42'" />
      <VerticalLayout width="15" />
      <Button name="dlm_disagree" text="Don't Agree" font="14" width="143" normalimage="file='drawable\common_btn.png' source='0,0,142,42'" hotimage="file='drawable\common_btn.png' source='142,0,284,42'" pushedimage="file='drawable\common_btn.png' source='284,0,426,42'" />
	  <VerticalLayout />
	</HorizontalLayout>
  </VerticalLayout>
</Window>
