<?xml version="1.0" encoding="utf-8"?>
<resources>
  <!-- description -->
  <string name="app_name">Mi Unlock</string>
  <string name="app_new_version_fmt">New updates: %s</string>
  <string name="app_version_fmt">Version: %s</string>
  <!-- Account Login -->
  <string name="err_user_empty">Enter account ID</string>
  <string name="err_pwd_empty">Enter password</string>
  <string name="err_verify_code_invalid">Verification code incorrect</string>
  <string name="err_pwd_invalid">Password incorrect</string>
  <string name="err_user_not_exist">Account doesn't exist</string>
  <string name="err_login_too_fast">Too many attempts. Wait for 15 min and try again.</string>
  <string name="err_dynamic_toke_invalid">Dynamic token input error</string>
  <string name="err_network_exception">Network error</string>
  <string name="err_login_other">Couldn't sign in</string>
  <string name="err_account_need_verify">Please verify your account in the webpage.</string>
  <string name="login_processing">Signing in</string>
  <string name="err_login_plus_sms_code">Add a six-digit dynamic code at the end of the login password</string>
  <!-- unlock rights check -->
  <string name="unlock_rights_checking">Checking if your Mi Account has permissions</string>
  <string name="unlock_rights_deny">Your device isn't supported by Mi Unlock</string>
  <string name="unlock_apply_help">Go to unlock.update.miui.com to apply for Mi Unlock support and view the progress</string>
  <string name="goto">Go</string>
  <string name="rights_check_fail">Couldn't get info[%s]</string>
  <string name="retry">Try again</string>
  <!-- connect help -->
  <string name="conx_emtpy">Not connected to the phone</string>
  <string name="conx_ok">Phone connected</string>
  <string name="miphone">Mi Phone</string>
  <string name="unlock">Unlock</string>
   <string name="unlock_checking_label">Checking device status...</string>
  <string name="unlock_clearn_data">Unlock will erase user data</string>
  <string name="unlock_no_clearn_data">Unlock will not erase user data</string>
  <!-- unlock -->
  <string name="unlock_fail">Couldn't unlock</string>
  <string name="reboot_phone">Reboot phone</string>
  <string name="reunlock">Unlock again</string>
  <string name="unlock_success">Unlocked successfully</string>
  <string name="verifing_device">Verifying device</string>
  <string name="unlocking">Unlocking</string>
  <string name="unlock_finished">Done</string>
  <string name="verified_fail">Couldn't verify device</string>
  <string name="verified_already_unlocked">Device unlocked</string>
  <string name="verified_no_band">Current account is not bound to this device</string>
  <string name="missing_phone">Not connected to Mi Phone</string>
  <string name="cannot_read_phone_info">Can't get info, connect again</string>
  <string name="account_not_bind">Current account is different from the account info on the device</string>
  <string name="already_unlocked">No need to repeat unlock</string>
  <string name="unkown_error">Unknown error</string>
  <string name="unkown_lockstatus_fmt">Unknown user lock status:%d</string>
  <!-- about dalog-->
  <string name="about_new_explain">(Is latest)</string>
  <string name="about_check_drive_yse">Already installed</string>
  <string name="about_check_drive_no">Not installed</string>
  <!-- unlock error code-->
  <string name="code_xxxxx">%d:Unknown error</string>
  <string name="code_10000">10000:Request parameter error</string>
  <string name="code_10001">10001:Signature verification failed</string>
  <string name="code_10002">10002:The same IP request too often</string>
  <string name="code_10003">10003:Internal server error</string>
  <string name="code_10004">10004:Request has expired</string>
  <string name="code_10005">10005:Invalid Nonce request</string>
  <string name="code_10006">10006:Client version is too low</string>
  
  <string name="code_20030">You should wait at least 30 days to unlock another device</string>
  <string name="code_20031">Add your account and device in MIUI's Settings > Developer options > Mi Unlock status. </string>
  <string name="code_20032">Failed to generate signature value required to unlock</string>
  <string name="code_20033">User portrait scores too low or black</string>
  <string name="code_20034">Current account cannot unlock this device</string>
  <string name="code_20035">Go to unlock.update.miui.com to download the latest version</string>
  <string name="code_20036">After %d hours of trying to unlock the device</string>
  <string name="code_20037">Unlock number has reached the upper limit</string>
  
  <!--Msg box-->
  <string name="unlock_warn">Unlock the phone will erase all phone data, whether to continue to unlock the phone?</string>
  <string name="unlock_clear_api_err">Unlock the phone may erase all phone data, whether to continue to unlock the phone?</string>
  <string name="is_unlock_msg">Unlock anyway</string>
</resources>
